Alasdair <alasdairhurst@users.noreply.github.com>
Andrew Sullivan <licyeus@gmail.com>
BALEHOK <zhmurik@yandex.ru>
Benjamin Flesch <bflesch@bf-itservice.de>
Dany Ellement <dany@ellement.net>
Derek Yau <derek@laterolabs.com>
Dmitry Erman <nopuck4you@Dmitrys-MacBook-Pro.local>
Erik Anderson <erikbpanderson@gmail.com>
FoxxMD <matt.duncan13@gmail.com>
Guilherme Caminha <gpkc@cin.ufpe.br>
Jack Allan <jackgeek@gmail.com>
Jack Coulter <jscinoz@jscinoz.so>
Jonas Matser <jonas@jonasmatser.nl>
Joshua <tank158r5155@yahoo.com.tw>
Lance Batson <lancebatsondev@gmail.com>
Lee Siong Chan <leesiongchan@users.noreply.github.com>
Loris Guignard <loris.guignard@gmail.com>
Luca Fabbri <luca@keul.it>
Mateusz Nowotyński <maxmati@memleak.pl>
Mateusz Zatorski <mateuszzatorski@gmail.com>
Michael Tsyganov <michael@thematicmedia.de>
Noah Hall <noah.hall@dictionary.com>
Pavel Vanecek <pavel.vanecek@merck.com>
Rahav lussato <rahav@yallo.com>
Ricardo Filipe Gonçalves Ribeiro <ribeiroct@users.noreply.github.com>
Ricardo Ribeiro <ribeiro.r@ua.pt>
Sharon Rolel <sharonrolel@gmail.com>
Sven A Robbestad <robbestad@gmail.com>
Sven Anders Robbestad <robbestad@gmail.com>
TheClark <jeremy@infdig.com>
Thomas Wilson <thomas@thomaspwilson.com>
Tom Panier <tpanier@auchan.net>
Varun Arora <avarun42@users.noreply.github.com>
Vincent <vkammerer@gmail.com>
bakatrouble <bakatrouble@gmail.com>
dignifiedquire <dignifiedquire@gmail.com>
